Endorsed Logo Metadata
"Name","Description","Unit Logo Orientation","Unit Logo Color","Unit Logo Format type","Asset type"
"ASU_ResearchComputing_1_Horiz_CMYK_Print_MaroonGold.eps","Unit name: Research Computing","Horizontal","1. Maroon and gold","Print - CMYK","Unit logo"
"ASU_ResearchComputing_1_Horiz_RGB_MaroonGold_150ppi.png","Unit name: Research Computing","Horizontal","1. Maroon and gold","Digital - RGB","Unit logo"
"ASU_ResearchComputing_1_Horiz_RGB_MaroonGold_600ppi.png","Unit name: Research Computing","Horizontal","1. Maroon and gold","Digital - RGB","Unit logo"
"ASU_ResearchComputing_1_Horiz_SPOT_Print_MaroonGold.eps","Unit name: Research Computing","Horizontal","1. Maroon and gold","Print - Spot","Unit logo"
"ASU_ResearchComputing_1_Vert_CMYK_Print_MaroonGold.eps","Unit name: Research Computing","Vertical","1. Maroon and gold","Print - CMYK","Unit logo"
"ASU_ResearchComputing_1_Vert_RGB_MaroonGold_150ppi.png","Unit name: Research Computing","Vertical","1. Maroon and gold","Digital - RGB","Unit logo"
"ASU_ResearchComputing_1_Vert_RGB_MaroonGold_600ppi.png","Unit name: Research Computing","Vertical","1. Maroon and gold","Digital - RGB","Unit logo"
"ASU_ResearchComputing_1_Vert_SPOT_Print_MaroonGold.eps","Unit name: Research Computing","Vertical","1. Maroon and gold","Print - Spot","Unit logo"
"ASU_ResearchComputing_2_Horiz_CMYK_Print_White.eps","Unit name: Research Computing","Horizontal","2. White","Print - CMYK","Unit logo"
"ASU_ResearchComputing_2_Horiz_RGB_White_150ppi.png","Unit name: Research Computing","Horizontal","2. White","Digital - RGB","Unit logo"
"ASU_ResearchComputing_2_Horiz_RGB_White_600ppi.png","Unit name: Research Computing","Horizontal","2. White","Digital - RGB","Unit logo"
"ASU_ResearchComputing_2_Vert_CMYK_Print_White.eps","Unit name: Research Computing","Vertical","2. White","Print - CMYK","Unit logo"
"ASU_ResearchComputing_2_Vert_RGB_White_150ppi.png","Unit name: Research Computing","Vertical","2. White","Digital - RGB","Unit logo"
"ASU_ResearchComputing_2_Vert_RGB_White_600ppi.png","Unit name: Research Computing","Vertical","2. White","Digital - RGB","Unit logo"
"ASU_ResearchComputing_3_Horiz_CMYK_Print_Black.eps","Unit name: Research Computing","Horizontal","3. Black","Print - CMYK","Unit logo"
"ASU_ResearchComputing_3_Horiz_RGB_Black_150ppi.png","Unit name: Research Computing","Horizontal","3. Black","Digital - RGB","Unit logo"
"ASU_ResearchComputing_3_Horiz_RGB_Black_600ppi.png","Unit name: Research Computing","Horizontal","3. Black","Digital - RGB","Unit logo"
"ASU_ResearchComputing_3_Vert_CMYK_Print_Black.eps","Unit name: Research Computing","Vertical","3. Black","Print - CMYK","Unit logo"
"ASU_ResearchComputing_3_Vert_RGB_Black_150ppi.png","Unit name: Research Computing","Vertical","3. Black","Digital - RGB","Unit logo"
"ASU_ResearchComputing_3_Vert_RGB_Black_600ppi.png","Unit name: Research Computing","Vertical","3. Black","Digital - RGB","Unit logo"

